r,ffff93a00000,32,0,0,0,0,ffff92000030
r,ffff93a00004,32,1,0,0,1,ffff92000030
r,ffff93a00008,32,2,0,0,2,ffff92000030
r,ffff93a0000c,32,3,0,0,3,ffff92000030
r,ffff93a00100,32,0,0,0,0,ffff92000040
r,ffff93a00104,32,1,0,0,1,ffff92000040
r,ffff93a00108,32,2,0,0,2,ffff92000040
r,ffff93a0010c,32,3,0,0,3,ffff92000040
w,ffff93a00200,32,0,0,0,0,ffff92000050
w,ffff93a00204,32,1,0,0,1,ffff92000050
w,ffff93a00208,32,2,0,0,2,ffff92000050
w,ffff93a0020c,32,3,0,0,3,ffff92000050
r,ffff93a00010,32,4,0,1,0,ffff92000030
r,ffff93a00014,32,5,0,1,1,ffff92000030
r,ffff93a00018,32,6,0,1,2,ffff92000030
r,ffff93a0001c,32,7,0,1,3,ffff92000030
r,ffff93a00110,32,4,0,1,0,ffff92000040
r,ffff93a00114,32,5,0,1,1,ffff92000040
r,ffff93a00118,32,6,0,1,2,ffff92000040
r,ffff93a0011c,32,7,0,1,3,ffff92000040
w,ffff93a00210,32,4,0,1,0,ffff92000050
w,ffff93a00214,32,5,0,1,1,ffff92000050
w,ffff93a00218,32,6,0,1,2,ffff92000050
w,ffff93a0021c,32,7,0,1,3,ffff92000050
r,ffff93a00020,32,8,0,2,0,ffff92000030
r,ffff93a00024,32,9,0,2,1,ffff92000030
r,ffff93a00028,32,10,0,2,2,ffff92000030
r,ffff93a0002c,32,11,0,2,3,ffff92000030
r,ffff93a00120,32,8,0,2,0,ffff92000040
r,ffff93a00124,32,9,0,2,1,ffff92000040
r,ffff93a00128,32,10,0,2,2,ffff92000040
r,ffff93a0012c,32,11,0,2,3,ffff92000040
w,ffff93a00220,32,8,0,2,0,ffff92000050
w,ffff93a00224,32,9,0,2,1,ffff92000050
w,ffff93a00228,32,10,0,2,2,ffff92000050
w,ffff93a0022c,32,11,0,2,3,ffff92000050
r,ffff93a00030,32,12,0,3,0,ffff92000030
r,ffff93a00034,32,13,0,3,1,ffff92000030
r,ffff93a00038,32,14,0,3,2,ffff92000030
r,ffff93a0003c,32,15,0,3,3,ffff92000030
r,ffff93a00130,32,12,0,3,0,ffff92000040
r,ffff93a00134,32,13,0,3,1,ffff92000040
r,ffff93a00138,32,14,0,3,2,ffff92000040
r,ffff93a0013c,32,15,0,3,3,ffff92000040
w,ffff93a00230,32,12,0,3,0,ffff92000050
w,ffff93a00234,32,13,0,3,1,ffff92000050
w,ffff93a00238,32,14,0,3,2,ffff92000050
w,ffff93a0023c,32,15,0,3,3,ffff92000050
r,ffff93a00040,32,16,0,4,0,ffff92000030
r,ffff93a00044,32,17,0,4,1,ffff92000030
r,ffff93a00048,32,18,0,4,2,ffff92000030
r,ffff93a0004c,32,19,0,4,3,ffff92000030
r,ffff93a00140,32,16,0,4,0,ffff92000040
r,ffff93a00144,32,17,0,4,1,ffff92000040
r,ffff93a00148,32,18,0,4,2,ffff92000040
r,ffff93a0014c,32,19,0,4,3,ffff92000040
w,ffff93a00240,32,16,0,4,0,ffff92000050
w,ffff93a00244,32,17,0,4,1,ffff92000050
w,ffff93a00248,32,18,0,4,2,ffff92000050
w,ffff93a0024c,32,19,0,4,3,ffff92000050
r,ffff93a00050,32,20,0,5,0,ffff92000030
r,ffff93a00054,32,21,0,5,1,ffff92000030
r,ffff93a00058,32,22,0,5,2,ffff92000030
r,ffff93a0005c,32,23,0,5,3,ffff92000030
r,ffff93a00150,32,20,0,5,0,ffff92000040
r,ffff93a00154,32,21,0,5,1,ffff92000040
r,ffff93a00158,32,22,0,5,2,ffff92000040
r,ffff93a0015c,32,23,0,5,3,ffff92000040
w,ffff93a00250,32,20,0,5,0,ffff92000050
w,ffff93a00254,32,21,0,5,1,ffff92000050
w,ffff93a00258,32,22,0,5,2,ffff92000050
w,ffff93a0025c,32,23,0,5,3,ffff92000050
r,ffff93a00060,32,24,0,6,0,ffff92000030
r,ffff93a00064,32,25,0,6,1,ffff92000030
r,ffff93a00068,32,26,0,6,2,ffff92000030
r,ffff93a0006c,32,27,0,6,3,ffff92000030
r,ffff93a00160,32,24,0,6,0,ffff92000040
r,ffff93a00164,32,25,0,6,1,ffff92000040
r,ffff93a00168,32,26,0,6,2,ffff92000040
r,ffff93a0016c,32,27,0,6,3,ffff92000040
w,ffff93a00260,32,24,0,6,0,ffff92000050
w,ffff93a00264,32,25,0,6,1,ffff92000050
w,ffff93a00268,32,26,0,6,2,ffff92000050
w,ffff93a0026c,32,27,0,6,3,ffff92000050
r,ffff93a00070,32,28,0,7,0,ffff92000030
r,ffff93a00074,32,29,0,7,1,ffff92000030
r,ffff93a00078,32,30,0,7,2,ffff92000030
r,ffff93a0007c,32,31,0,7,3,ffff92000030
r,ffff93a00170,32,28,0,7,0,ffff92000040
r,ffff93a00174,32,29,0,7,1,ffff92000040
r,ffff93a00178,32,30,0,7,2,ffff92000040
r,ffff93a0017c,32,31,0,7,3,ffff92000040
w,ffff93a00270,32,28,0,7,0,ffff92000050
w,ffff93a00274,32,29,0,7,1,ffff92000050
w,ffff93a00278,32,30,0,7,2,ffff92000050
w,ffff93a0027c,32,31,0,7,3,ffff92000050
r,ffff93a00080,32,32,0,8,0,ffff92000030
r,ffff93a00084,32,33,0,8,1,ffff92000030
r,ffff93a00088,32,34,0,8,2,ffff92000030
r,ffff93a0008c,32,35,0,8,3,ffff92000030
r,ffff93a00180,32,32,0,8,0,ffff92000040
r,ffff93a00184,32,33,0,8,1,ffff92000040
r,ffff93a00188,32,34,0,8,2,ffff92000040
r,ffff93a0018c,32,35,0,8,3,ffff92000040
w,ffff93a00280,32,32,0,8,0,ffff92000050
w,ffff93a00284,32,33,0,8,1,ffff92000050
w,ffff93a00288,32,34,0,8,2,ffff92000050
w,ffff93a0028c,32,35,0,8,3,ffff92000050
r,ffff93a00090,32,36,0,9,0,ffff92000030
r,ffff93a00094,32,37,0,9,1,ffff92000030
r,ffff93a00098,32,38,0,9,2,ffff92000030
r,ffff93a0009c,32,39,0,9,3,ffff92000030
r,ffff93a00190,32,36,0,9,0,ffff92000040
r,ffff93a00194,32,37,0,9,1,ffff92000040
r,ffff93a00198,32,38,0,9,2,ffff92000040
r,ffff93a0019c,32,39,0,9,3,ffff92000040
w,ffff93a00290,32,36,0,9,0,ffff92000050
w,ffff93a00294,32,37,0,9,1,ffff92000050
w,ffff93a00298,32,38,0,9,2,ffff92000050
w,ffff93a0029c,32,39,0,9,3,ffff92000050
r,ffff93a000a0,32,40,0,10,0,ffff92000030
r,ffff93a000a4,32,41,0,10,1,ffff92000030
r,ffff93a000a8,32,42,0,10,2,ffff92000030
r,ffff93a000ac,32,43,0,10,3,ffff92000030
r,ffff93a001a0,32,40,0,10,0,ffff92000040
r,ffff93a001a4,32,41,0,10,1,ffff92000040
r,ffff93a001a8,32,42,0,10,2,ffff92000040
r,ffff93a001ac,32,43,0,10,3,ffff92000040
w,ffff93a002a0,32,40,0,10,0,ffff92000050
w,ffff93a002a4,32,41,0,10,1,ffff92000050
w,ffff93a002a8,32,42,0,10,2,ffff92000050
w,ffff93a002ac,32,43,0,10,3,ffff92000050
r,ffff93a000b0,32,44,0,11,0,ffff92000030
r,ffff93a000b4,32,45,0,11,1,ffff92000030
r,ffff93a000b8,32,46,0,11,2,ffff92000030
r,ffff93a000bc,32,47,0,11,3,ffff92000030
r,ffff93a001b0,32,44,0,11,0,ffff92000040
r,ffff93a001b4,32,45,0,11,1,ffff92000040
r,ffff93a001b8,32,46,0,11,2,ffff92000040
r,ffff93a001bc,32,47,0,11,3,ffff92000040
w,ffff93a002b0,32,44,0,11,0,ffff92000050
w,ffff93a002b4,32,45,0,11,1,ffff92000050
w,ffff93a002b8,32,46,0,11,2,ffff92000050
w,ffff93a002bc,32,47,0,11,3,ffff92000050
r,ffff93a000c0,32,48,0,12,0,ffff92000030
r,ffff93a000c4,32,49,0,12,1,ffff92000030
r,ffff93a000c8,32,50,0,12,2,ffff92000030
r,ffff93a000cc,32,51,0,12,3,ffff92000030
r,ffff93a001c0,32,48,0,12,0,ffff92000040
r,ffff93a001c4,32,49,0,12,1,ffff92000040
r,ffff93a001c8,32,50,0,12,2,ffff92000040
r,ffff93a001cc,32,51,0,12,3,ffff92000040
w,ffff93a002c0,32,48,0,12,0,ffff92000050
w,ffff93a002c4,32,49,0,12,1,ffff92000050
w,ffff93a002c8,32,50,0,12,2,ffff92000050
w,ffff93a002cc,32,51,0,12,3,ffff92000050
r,ffff93a000d0,32,52,0,13,0,ffff92000030
r,ffff93a000d4,32,53,0,13,1,ffff92000030
r,ffff93a000d8,32,54,0,13,2,ffff92000030
r,ffff93a000dc,32,55,0,13,3,ffff92000030
r,ffff93a001d0,32,52,0,13,0,ffff92000040
r,ffff93a001d4,32,53,0,13,1,ffff92000040
r,ffff93a001d8,32,54,0,13,2,ffff92000040
r,ffff93a001dc,32,55,0,13,3,ffff92000040
w,ffff93a002d0,32,52,0,13,0,ffff92000050
w,ffff93a002d4,32,53,0,13,1,ffff92000050
w,ffff93a002d8,32,54,0,13,2,ffff92000050
w,ffff93a002dc,32,55,0,13,3,ffff92000050
r,ffff93a000e0,32,56,0,14,0,ffff92000030
r,ffff93a000e4,32,57,0,14,1,ffff92000030
r,ffff93a000e8,32,58,0,14,2,ffff92000030
r,ffff93a000ec,32,59,0,14,3,ffff92000030
r,ffff93a001e0,32,56,0,14,0,ffff92000040
r,ffff93a001e4,32,57,0,14,1,ffff92000040
r,ffff93a001e8,32,58,0,14,2,ffff92000040
r,ffff93a001ec,32,59,0,14,3,ffff92000040
w,ffff93a002e0,32,56,0,14,0,ffff92000050
w,ffff93a002e4,32,57,0,14,1,ffff92000050
w,ffff93a002e8,32,58,0,14,2,ffff92000050
w,ffff93a002ec,32,59,0,14,3,ffff92000050
r,ffff93a000f0,32,60,0,15,0,ffff92000030
r,ffff93a000f4,32,61,0,15,1,ffff92000030
r,ffff93a000f8,32,62,0,15,2,ffff92000030
r,ffff93a000fc,32,63,0,15,3,ffff92000030
r,ffff93a001f0,32,60,0,15,0,ffff92000040
r,ffff93a001f4,32,61,0,15,1,ffff92000040
r,ffff93a001f8,32,62,0,15,2,ffff92000040
r,ffff93a001fc,32,63,0,15,3,ffff92000040
w,ffff93a002f0,32,60,0,15,0,ffff92000050
w,ffff93a002f4,32,61,0,15,1,ffff92000050
w,ffff93a002f8,32,62,0,15,2,ffff92000050
w,ffff93a002fc,32,63,0,15,3,ffff92000050